Sheoldred, the Apocalypse:237
Sphinx of Clear Skies:196
Archangel of Wrath:193
Wingmantle Chaplain:189
Herd Migration:184
Drag to the Bottom:172
Sol'kanar the Tainted:172
Llanowar Greenwidow:164
Nemata, Primeval Warden:163
Serra Paragon:162
The Elder Dragon War:160
Rith, Liberated Primeval:160
Vodalian Mindsinger:159
Squee, Dubious Monarch:159
Quirion Beastcaller:156
The Cruelty of Gix:152
Ertai Resurrected:151
Defiler of Vigor:149
Jodah, the Unifier:149
Tatyova, Steward of Tides:149
Liliana of the Veil:147
Nishoba Brawler:146
The Weatherseed Treaty:145
Jaya, Fiery Negotiator:143
Shivan Devastator:143
King Darien XLVIII:143
Evolved Sleeper:142
Llanowar Loamspeaker:140
Silverback Elder:140
Haughty Djinn:138
Shanna, Purifying Blade:136
Guardian of New Benalia:131
Shield-Wall Sentinel:129
Temporal Firestorm:125
Balmor, Battlemage Captain:125
Aether Channeler:124
Protect the Negotiators:123
Rona's Vortex:123
Elas il-Kor, Sadistic Pilgrim:123
Leyline Binding:122
Tear Asunder:122
Soul of Windgrace:122
Coral Colony:118
Micromancer:118
Knight of Dusk's Shadow:118
Phyrexian Missionary:117
Extinguish the Light:117
Mossbeard Ancient:117
Vohar, Vodalian Desecrator:117
Territorial Maro:116
Anointed Peacekeeper:115
Danitha, Benalia's Hope:115
Walking Bulwark:115
Tolarian Geyser:114
Cut Down:113
Raff, Weatherlight Stalwart:113
Uurg, Spawn of Turg:113
Blight Pile:112
Defiler of Flesh:112
Silver Scrutiny:111
Essence Scatter:110
Bortuk Bonerattle:110
Prayer of Binding:109
Ertai's Scorn:109
Tribute to Urborg:109
Karn's Sylex:108
Cult Conscript:107
Phyrexian Espionage:106
Fires of Victory:106
Sprouting Goblin:106
Knight of Dawn's Light:105
Defiler of Instinct:105
Radha's Firebrand:105
Nael, Avizoa Aeronaut:105
Urborg Repossession:104
Tail Swipe:104
Ajani, Sleeper Agent:104
Lagomos, Hand of Hatred:104
Phyrexian Rager:101
The Raven Man:101
Defiler of Dreams:100
Impulse:100
Yavimaya Iconoclast:100
Talas Lookout:99
Aggressive Sabotage:99
Braids, Arisen Nightmare:99
Choking Miasma:99
Hurloon Battle Hymn:99
Destroy Evil:98
Valiant Veteran:98
Meria's Outrider:98
Shadow Prophecy:97
Gaea's Might:97
Vineshaper Prodigy:97
Frostfist Strider:96
Keldon Flamesage:96
Take Up the Shield:95
Defiler of Faith:94
Monstrous War-Leech:94
Lightning Strike:94
Pilfer:93
Rivaz of the Claw:93
Bite Down:92
Shore Up:91
Tolarian Terror:91
Floriferous Vinewall:91
Ivy, Gleeful Spellthief:91
Meria, Scholar of Antiquity:91
Battlewing Mystic:90
Battlefly Swarm:90
Urborg Lhurgoyf:90
Yavimaya Sojourner:90
Zur, Eternal Schemer:90
Argivian Cavalier:89
Joint Exploration:89
Negate:89
Pixie Illusionist:89
Strength of the Coalition:89
Rona, Sheoldred's Faithful:89
Contaminated Aquifer:89
Eerie Soultender:88
Magnigoth Sentry:88
Voda Sea Scavenger:87
Sunbathing Rootwalla:87
Vodalian Hexcatcher:85
Gibbering Barricade:85
Electrostatic Infantry:85
Relic of Legends:85
Tangled Islet:85
Clockwork Drawbridge:84
Runic Shot:84
Colossal Growth:84
Haunted Mire:84
Braids's Frightful Return:83
Phyrexian Vivisector:83
Ratadrabik of Urborg:83
Plaza of Heroes:83
Splatter Goblin:82
Salvaged Manaworker:82
Crystal Grotto:82
Idyllic Beachfront:82
Karn, Living Legacy:81
Tura Kenner√ºd, Skyknight:81
Sengir Connoisseur:80
Keldon Strike Team:80
Baird, Argivian Recruiter:80
Radiant Grove:80
Academy Wall:78
Soaring Drake:78
Jodah's Codex:78
Citizen's Arrest:77
Resolute Reinforcements:77
Stall for Time:77
Phyrexian Warhorse:77
Writhing Necromass:77
Flowstone Infusion:77
Timeless Lotus:77
Sunlit Marsh:77
Meteorite:76
Artillery Blast:75
Timely Interference:75
Battle-Rage Blessing:75
Shadow-Rite Priest:75
In Thrall to the Pit:75
Slimefoot's Survey:75
Adarkar Wastes:75
Academy Loremaster:74
Automatic Librarian:74
Tidepool Turtle:73
Bog Badger:73
Stenn, Paranoid Partisan:73
Geothermal Bog:73
Wooded Ridgeline:73
Love Song of Night and Day:72
Djinn of the Fountain:72
Molten Tributary:72
Shivan Reef:72
Deathbloom Gardener:71
Garna, Bloodfist of Keld:71
Elfhame Wurm:70
Radha, Coalition Warlord:70
Benalish Sleeper:69
Elvish Hydromancer:69
Captain's Call:68
Leaf-Crowned Visionary:68
Astor, Bearer of Blades:68
Caves of Koilos:68
Tattered Apparition:67
Threats Undetected:67
Combat Research:65
Impede Momentum:65
Scout the Wilderness:65
Snarespinner:65
Cleaving Skyrider:64
Broken Wings:64
Sacred Peaks:64
Balduvian Atrocity:63
Furious Bellow:63
Aron, Benalia's Ruin:63
Zar Ojanen, Scion of Efrava:63
Sulfurous Springs:63
Volshe Tideturner:62
Bone Splinters:62
Flowstone Kavu:62
Haunting Figment:61
Jaya's Firenado:61
Thrill of Possibility:61
Twinferno:61
Karplusan Forest:60
Shalai's Acolyte:59
Coalition Warbrute:59
Najal, the Storm Runner:59
Golden Argosy:59
Sheoldred's Restoration:58
Dragon Whelp:58
Yotia Declares War:58
Linebreaker Baloth:58
Argivian Phalanx:57
Queen Allenal of Ruadach:57
Phoenix Chick:56
Juniper Order Rootweaver:55
Samite Herbalist:55
Ghitu Amplifier:55
Goblin Picker:55
Rulik Mons, Warren Chief:55
Griffin Protector:54
Mesa Cavalier:54
Barkweave Crusher:54
Molten Monstrosity:53
Smash to Dust:52
Heroic Charge:51
Hurler Cyclops:49
Tori D'Avenant, Fury Rider:49
Vesuvan Duplimancy:48
Toxic Abomination:48
Yavimaya Steelcrusher:48
Inscribed Tablet:48
Stronghold Arena:47
Charismatic Vanguard:46
Viashino Branchrider:46
Balduvian Berserker:45
Jhoira, Ageless Innovator:45
Join Forces:44
Temporary Lockdown:42
Warhost's Frenzy:41
Weatherlight Compleated:41
Hexbane Tortoise:40
Coalition Skyknight:39
Founding the Third Path:37
Hero's Heirloom:37
Thran Portal:37
Benalish Faithbonder:36
Llanowar Stalker:31
The World Spell:31
Hammerhand:24
The Phasing of Zhalfir:21
Vanquisher's Axe:7
Rundvelt Hordemaster:1
Urza Assembles the Titans:1
Chaotic Transformation:1
Plains:1
Island:1
Swamp:1
Mountain:1
Forest:1